calendar_start_date,iso_year,iso_week,dengue_total,tmin,tmax,rh
2015-01-04,2015,1,58.0,24.63857160295759,29.38428579057966,75.7257142857143
2015-01-11,2015,2,74.0,25.308571134294784,30.49285725184849,71.5214285714286
2015-01-18,2015,3,79.0,25.128571374075754,30.1471426827567,73.94
2015-01-25,2015,4,107.0,25.342857088361463,30.8742858341762,70.0957142857143
2015-02-01,2015,5,156.0,24.779999869210375,29.30857140677316,78.6028571428571
2015-02-08,2015,6,142.0,25.531429018293103,30.90857097080776,74.4442857142857
2015-02-15,2015,7,160.0,24.511428560529435,28.43000030517578,81.8457142857143
2015-02-22,2015,8,196.0,23.687142780848912,28.12142889840262,84.5857142857143
2015-03-01,2015,9,307.0,23.985714503696983,27.87571443830218,85.3928571428571
2015-03-08,2015,10,389.0,24.748571123395642,28.80428586687361,83.6
2015-03-15,2015,11,406.0,24.847142900739396,29.03285707746233,83.3257142857143
2015-03-22,2015,12,462.0,23.948571613856725,28.38714299883161,85.3457142857143
2015-03-29,2015,13,408.0,24.080000196184432,28.11857141767229,86.4871428571429
2015-04-05,2015,14,617.0,24.038571221487864,28.23428589957101,85.37
2015-04-12,2015,15,901.0,24.542857306344168,28.45999990190779,85.68
2015-04-19,2015,16,1505.0,24.28571401323591,27.78285734994071,86.1757142857143
2015-04-26,2015,17,1691.0,24.709999901907786,28.82428577968053,84.3314285714286
2015-05-03,2015,18,2243.0,24.871428625924246,28.89714295523507,83.1428571428571
2015-05-10,2015,19,2774.0,25.042857578822545,29.55999973842076,77.9642857142857
2015-05-17,2015,20,2678.0,25.3242860521589,29.54000009809221,79.89
2015-05-24,2015,21,2140.0,25.082856859479634,29.07428550720215,81.8271428571429
2015-05-31,2015,22,1722.0,24.532857077462328,29.34142875671387,79.3714285714286
2015-06-07,2015,23,1525.0,24.781428473336355,29.27285739353725,77.37
2015-06-14,2015,24,1457.0,24.46000017438616,29.75571414402553,73.73
2015-06-21,2015,25,1195.0,24.10571425301688,28.81714303152902,77.0371428571429
2015-06-28,2015,26,795.0,23.51285689217704,27.81142834254674,83.0914285714286
2015-07-05,2015,27,702.0,24.12142835344587,28.49571418762207,79.8657142857143
2015-07-12,2015,28,514.0,23.83142880031041,29.32857131958008,72.4042857142857
2015-07-19,2015,29,384.0,24.13571439470564,29.2014285496303,73.2714285714286
2015-07-26,2015,30,333.0,23.750000272478378,29.75714329310826,69.8428571428571
2015-08-02,2015,31,332.0,23.74571391514369,30.7514283316476,67.4728571428571
2015-08-09,2015,32,273.0,23.782857077462328,30.99428558349609,64.2342857142857
2015-08-16,2015,33,216.0,23.90571430751256,30.84142848423549,66.6728571428571
2015-08-23,2015,34,146.0,24.38571439470564,30.06714275905064,68.86
2015-08-30,2015,35,120.0,24.302857535226003,29.94999967302595,71.5014285714286
2015-09-06,2015,36,103.0,24.415714536394397,29.87142889840262,70.7185714285714
2015-09-13,2015,37,85.0,24.437142780848912,30.53714261736189,69.2028571428571
2015-09-20,2015,38,63.0,24.654285430908203,30.10999979291643,69.4757142857143
2015-09-27,2015,39,56.0,24.688571657453263,30.5499997820173,66.6042857142857
2015-10-04,2015,40,45.0,24.89428574698312,30.13714327130999,69.3285714285714
2015-10-11,2015,41,47.0,24.812857219151088,31.01285689217704,66.9814285714286
2015-10-18,2015,42,34.0,24.9514285496303,30.64285714285714,68.0957142857143
2015-10-25,2015,43,20.0,24.897142955235072,30.48714283534459,67.7857142857143
2015-11-01,2015,44,27.0,24.965714590890062,30.6942858014788,67.7585714285714
2015-11-08,2015,45,27.0,25.109999792916437,30.43142836434501,68.5357142857143
2015-11-15,2015,46,23.0,25.141428538731162,30.87714276994978,70.2314285714286
2015-11-22,2015,47,23.0,25.582857131958008,30.85428619384766,71.41
2015-11-29,2015,48,50.0,25.68857192993164,31.11857114519392,69.7457142857143
2015-12-06,2015,49,41.0,25.74000004359654,31.11857114519392,69.1842857142857
2015-12-13,2015,50,46.0,25.365713936941965,30.47999981471471,74.3628571428571
2015-12-20,2015,51,41.0,24.89285768781389,29.61285700116839,76.7171428571429
2015-12-27,2015,52,20.0,25.11000022888184,28.82799987792969,79.496
2016-01-03,2015,53,72.0,24.64666684468587,29.03666687011719,75.8966666666667
2016-01-10,2016,1,91.0,24.70857129778181,28.90714236668178,83.7371428571429
2016-01-17,2016,2,107.0,24.795714242117743,28.91857147216797,83.7185714285714
2016-01-24,2016,3,186.0,24.22285761151995,27.85285704476493,87.4185714285714
2016-01-31,2016,4,193.0,24.648571831839423,28.7014285496303,84.0357142857143
2016-02-07,2016,5,182.0,24.36428587777274,28.62857164655413,85.0957142857143
2016-02-14,2016,6,210.0,24.839999880109513,29.04428591047014,82.3657142857143
2016-02-21,2016,7,267.0,24.71142850603376,28.84999983651297,84.1342857142857
2016-02-28,2016,8,231.0,24.82428577968053,28.75571441650391,85.0071428571429
2016-03-06,2016,9,298.0,25.747143064226425,29.51857130868094,82.2042857142857
2016-03-13,2016,10,317.0,25.535714285714285,29.82571411132812,82.0971428571429
2016-03-20,2016,11,323.0,25.26142883300781,29.6042856488909,83.2785714285714
2016-03-27,2016,12,393.0,25.782857077462328,29.63857160295759,82.37
2016-04-03,2016,13,431.0,25.14428574698312,28.94285692487444,85.2042857142857
2016-04-10,2016,14,520.0,24.680000032697404,28.79857117789132,86.7057142857143
2016-04-17,2016,15,1156.0,25.14428574698312,29.21000017438616,83.2957142857143
2016-04-24,2016,16,1440.0,25.18142863682338,29.18714305332729,81.21
2016-05-01,2016,17,1557.0,25.62857164655413,29.8971426827567,78.4714285714286
2016-05-08,2016,18,1319.0,25.024285725184846,29.83428573608398,79.2428571428571
2016-05-15,2016,19,1591.0,25.135714122227256,29.72571427481515,81.4314285714286
2016-05-22,2016,20,1544.0,25.25428581237793,30.17857142857143,76.6614285714286
2016-05-29,2016,21,1179.0,25.40428570338658,30.37428556169782,74.81
2016-06-05,2016,22,988.0,25.16428538731166,30.01714270455497,79.2857142857143
2016-06-12,2016,23,1044.0,24.658571788242885,29.36857141767229,80.8285714285714
2016-06-19,2016,24,709.0,24.674285888671875,30.21285738263811,71.4585714285714
2016-06-26,2016,25,738.0,24.76714297703334,29.9714287349156,70.1442857142857
2016-07-03,2016,26,841.0,24.102857044764928,30.58714267185756,63.6442857142857
2016-07-10,2016,27,653.0,24.62571443830217,29.91571453639439,71.3828571428571
2016-07-17,2016,28,695.0,24.567143031529017,30.98857143947057,68.0014285714286
2016-07-24,2016,29,607.0,24.575714111328125,31.00999995640346,67.1385714285714
2016-07-31,2016,30,548.0,24.575714111328125,31.26714243207659,60.5357142857143
2016-08-07,2016,31,432.0,24.09428569248744,31.40714318411691,61.02
2016-08-14,2016,32,472.0,24.38714272635324,30.86142866952079,66.8185714285714
2016-08-21,2016,33,379.0,24.45285715375628,30.33857127598354,69.1128571428571
2016-08-28,2016,34,241.0,24.644285474504745,31.00142860412598,66.5
2016-09-04,2016,35,219.0,24.4514285496303,31.06000001089913,66.6371428571429
2016-09-11,2016,36,241.0,24.38428551810128,31.43714305332729,64.0957142857143
2016-09-18,2016,37,265.0,24.685714176722932,30.68142863682338,70.2028571428571
2016-09-25,2016,38,219.0,24.76857158115932,30.39428574698312,70.2371428571429
2016-10-02,2016,39,218.0,25.048571450369696,30.19857134137835,69.3728571428571
2016-10-09,2016,40,160.0,24.978571483067103,31.01571410042899,69.4957142857143
2016-10-16,2016,41,150.0,25.041428429739817,31.28857176644462,66.4414285714286
2016-10-23,2016,42,152.0,25.128571374075754,31.05142865862165,70.16
2016-10-30,2016,43,175.0,25.26714297703334,30.81428555079869,70.0
2016-11-06,2016,44,196.0,25.39857155936105,31.5271429334368,67.6242857142857
2016-11-13,2016,45,211.0,25.421428407941544,30.80285699026925,71.6285714285714
2016-11-20,2016,46,175.0,25.184285845075333,30.33571406773158,73.9271428571429
2016-11-27,2016,47,202.0,25.51714297703334,30.92857142857143,70.7957142857143
2016-12-04,2016,48,202.0,25.78571401323591,31.18857138497489,69.9542857142857
2016-12-11,2016,49,168.0,25.762857164655408,31.22142846243722,71.4685714285714
2016-12-18,2016,50,115.0,25.73714283534459,30.38571466718401,71.9642857142857
2016-12-25,2016,51,74.0,25.28000014168876,30.3257143838065,75.4942857142857
2017-01-01,2016,52,213.0,25.38777796427409,30.14666663275825,76.8511111111111
2017-01-08,2017,1,240.0,25.42500042915344,30.15375018119812,76.895
2017-01-15,2017,2,390.0,24.895714351109092,29.2257148197719,78.13
2017-01-22,2017,3,422.0,25.0699999673026,29.30714307512556,78.9614285714286
2017-01-29,2017,4,560.0,25.03285734994071,29.15857151576451,81.53
2017-02-05,2017,5,665.0,25.227142606462753,29.33714294433594,80.37
2017-02-12,2017,6,852.0,25.34142848423549,29.52285712105887,80.93
2017-02-19,2017,7,636.0,24.78571401323591,28.65142849513463,83.1342857142857
2017-02-26,2017,8,646.0,24.448571613856725,28.57714298793248,84.2742857142857
2017-03-05,2017,9,830.0,24.195714133126398,27.76142910548619,86.6028571428571
2017-03-12,2017,10,1004.0,24.74285725184849,28.63285718645368,85.2314285714286
2017-03-19,2017,11,1149.0,24.58571434020996,28.22571427481515,85.4342857142857
2017-03-26,2017,12,1782.0,24.437143053327286,27.72571454729353,87.2942857142857
2017-04-02,2017,13,2203.0,24.474285670689174,28.09571375165667,87.1457142857143
2017-04-09,2017,14,2576.0,24.871429170881,29.41285705566406,82.5028571428571
2017-04-16,2017,15,2039.0,24.542857033865797,28.70857102530343,85.1685714285714
2017-04-23,2017,16,1922.0,25.2214287349156,29.61285727364676,81.3328571428571
2017-04-30,2017,17,966.0,24.961428778512136,29.0,83.4957142857143
2017-05-07,2017,18,901.0,24.825714111328125,29.42714282444545,80.1728571428571
2017-05-14,2017,19,727.0,25.145714351109092,29.24857139587402,82.57
2017-05-21,2017,20,445.0,25.411428724016464,29.47714287894113,82.1528571428571
2017-05-28,2017,21,375.0,24.777143205915177,29.75428553989955,79.6928571428572
2017-06-04,2017,22,284.0,24.31857109069824,28.46999985831124,84.9528571428571
2017-06-11,2017,23,162.0,24.524285725184846,29.44285692487444,75.5
2017-06-18,2017,24,138.0,24.510000228881836,29.95000049046108,74.7928571428571
2017-06-25,2017,25,120.0,24.754285267421174,29.6014289855957,73.7028571428571
2017-07-02,2017,26,99.0,24.602857044764928,28.99999972752162,74.6971428571429
2017-07-09,2017,27,99.0,23.437142780848912,29.13714272635324,71.7985714285714
2017-07-16,2017,28,110.0,23.504285539899552,29.3757141658238,66.9342857142857
2017-07-23,2017,29,123.0,23.478571483067103,29.45428575788225,69.6814285714286
2017-07-30,2017,30,83.0,23.371428625924246,29.87142835344587,67.9057142857143
2017-08-06,2017,31,74.0,23.838571275983536,30.37000002179827,67.75
2017-08-13,2017,32,67.0,24.232857022966655,30.83285713195801,65.8971428571429
2017-08-20,2017,33,56.0,24.262857164655408,30.82999992370605,69.8114285714286
2017-08-27,2017,34,46.0,24.5771427154541,31.01428576878139,66.47
2017-09-03,2017,35,38.0,24.490000316074916,31.35857118879046,65.5785714285714
2017-09-10,2017,36,37.0,24.394286019461497,31.06571415492467,64.0357142857143
2017-09-17,2017,37,33.0,24.5014283316476,31.43571472167969,62.5842857142857
2017-09-24,2017,38,26.0,24.414285932268417,31.42857142857143,64.6057142857143
2017-10-01,2017,39,34.0,24.545714242117743,31.16142872401646,65.7557142857143
2017-10-08,2017,40,24.0,24.59857150486537,31.32857159205846,66.6514285714286
2017-10-15,2017,41,16.0,24.779999869210375,30.40000016348703,70.6757142857143
2017-10-22,2017,42,12.0,24.88714272635324,30.45714296613421,71.6528571428571
2017-10-29,2017,43,29.0,25.14428574698312,31.56428609575544,69.1771428571429
2017-11-05,2017,44,37.0,25.261428560529435,30.9028570992606,71.5928571428571
2017-11-12,2017,45,29.0,25.149999618530277,29.92142840794154,68.6271428571429
2017-11-19,2017,46,29.0,24.912856783185685,30.22142818995885,71.1542857142857
2017-11-26,2017,47,27.0,25.238571439470565,30.27285739353725,71.7342857142857
2017-12-03,2017,48,30.0,25.312857219151088,30.48285675048828,72.4985714285714
2017-12-10,2017,49,50.0,25.35571425301688,30.50714274815151,74.18
2017-12-17,2017,50,57.0,25.51571410042899,30.32285690307617,73.2128571428571
2017-12-24,2017,51,87.0,25.219999585832866,29.61142866952079,76.4314285714286
2017-12-31,2017,52,27.0,25.320000239780967,29.75714220319475,80.0357142857143
2018-01-07,2018,1,20.0,25.291249990463257,30.08500027656555,76.0975
2018-01-14,2018,2,29.0,24.835714612688335,29.44999994550432,76.6842857142857
2018-01-21,2018,3,27.0,24.79000009809221,30.16428565979004,76.5942857142857
2018-01-28,2018,4,39.0,24.437143053327286,28.9514285496303,81.5
2018-02-04,2018,5,40.0,24.928571428571427,28.86857141767229,82.2042857142857
2018-02-11,2018,6,44.0,24.65428570338658,28.26428631373814,85.2528571428571
2018-02-18,2018,7,44.0,23.152857099260604,26.93428584507533,88.16
2018-02-25,2018,8,56.0,23.469999858311244,28.07428550720215,87.3842857142857
2018-03-04,2018,9,47.0,24.12000002179827,28.11714281354632,85.7342857142857
2018-03-11,2018,10,63.0,24.7771429334368,28.79571451459612,84.8942857142857
2018-03-18,2018,11,69.0,25.169999803815568,29.13714272635324,83.2942857142857
2018-03-25,2018,12,88.0,25.2485716683524,29.31285721915109,80.73
2018-04-01,2018,13,108.0,24.252856935773572,28.52999986921038,85.0985714285714
2018-04-08,2018,14,132.0,24.372856957571848,28.8257143838065,85.1171428571429
2018-04-15,2018,15,96.0,23.63857133047921,28.2757146017892,86.2757142857143
2018-04-22,2018,16,60.0,24.022857121058877,28.73428589957101,83.9714285714286
2018-04-29,2018,17,42.0,24.442857197352815,29.3557139805385,81.5428571428571
2018-05-06,2018,18,26.0,24.68857138497489,29.23000035967146,80.9471428571429
2018-05-13,2018,19,27.0,24.121428898402623,28.42428534371512,84.2428571428571
2018-05-20,2018,20,26.0,24.281428473336355,28.81571469988142,82.59
2018-05-27,2018,21,12.0,24.51142828805106,29.19285719735282,80.1485714285714
2018-06-03,2018,22,23.0,25.167142868041992,29.64857155936105,74.4814285714286
2018-06-10,2018,23,22.0,24.5271429334368,28.55714334760393,81.1871428571429
2018-06-17,2018,24,15.0,24.13714272635324,29.38428579057966,74.4057142857143
2018-06-24,2018,25,14.0,23.90428570338658,28.34142848423549,76.7328571428571
2018-07-01,2018,26,17.0,24.00857135227748,29.97571400233678,69.2757142857143
2018-07-08,2018,27,10.0,24.68857138497489,29.97142818995885,72.2614285714286
2018-07-15,2018,28,12.0,23.48714283534459,27.52000018528529,79.8928571428571
2018-07-22,2018,29,16.0,23.2785712650844,28.93142836434501,71.7514285714286
2018-07-29,2018,30,14.0,24.189999989100865,29.9028570992606,69.2471428571429
2018-08-05,2018,31,14.0,24.17714255196708,29.37999997820173,73.7557142857143
2018-08-12,2018,32,13.0,24.19285692487444,29.59714317321777,75.4571428571429
2018-08-19,2018,33,14.0,24.338571820940288,29.63857133047921,73.8928571428571
2018-08-26,2018,34,8.0,24.205714362008234,31.17714309692383,65.1257142857143
2018-09-02,2018,35,10.0,24.252857208251957,31.49285725184849,64.2071428571429
2018-09-09,2018,36,12.0,24.47285733904157,30.72999981471471,67.6514285714286
2018-09-16,2018,37,9.0,24.30142865862165,30.95142827715193,66.0814285714286
2018-09-23,2018,38,3.0,24.45857102530343,30.81000001089913,69.4485714285714
2018-09-30,2018,39,6.0,24.82999965122768,30.61428587777274,71.5114285714286
2018-10-07,2018,40,8.0,24.978571483067103,29.81000001089913,70.9842857142857
2018-10-14,2018,41,6.0,24.990000316074916,30.79857172284807,69.3342857142857
2018-10-21,2018,42,13.0,25.23714283534459,30.1257141658238,71.5028571428571
2018-10-28,2018,43,4.0,25.427142824445447,31.48714256286621,68.2528571428571
2018-11-04,2018,44,13.0,25.545714242117743,30.98428562709264,70.2328571428571
2018-11-11,2018,45,8.0,25.580000196184432,30.48000008719308,71.2014285714286
2018-11-18,2018,46,11.0,25.524285725184846,31.10857146126883,70.4114285714286
2018-11-25,2018,47,4.0,25.474285670689174,31.35571425301688,71.1542857142857
2018-12-02,2018,48,14.0,25.858571188790457,30.71857125418527,73.8257142857143
2018-12-09,2018,49,13.0,24.66285732814244,29.18571417672294,83.4014285714286
2018-12-16,2018,50,14.0,24.647142682756694,28.93428584507533,80.5714285714286
2018-12-23,2018,51,17.0,24.937143053327286,29.31571415492467,78.8914285714286
2018-12-30,2018,52,33.0,24.57285690307617,28.78857122148786,79.3014285714286
2019-01-06,2019,1,17.0,25.636250019073486,29.96124982833862,77.365
2019-01-13,2019,2,31.0,24.674285616193497,28.92571422031947,80.1714285714286
2019-01-20,2019,3,23.0,24.19285692487444,28.37714304242815,85.0857142857143
2019-01-27,2019,4,30.0,24.895714351109092,28.98857143947057,81.7014285714286
2019-02-03,2019,5,33.0,24.49142892020089,29.25428553989955,82.2428571428571
2019-02-10,2019,6,28.0,24.801428386143275,28.88571439470564,84.4228571428571
2019-02-17,2019,7,30.0,24.8199999673026,29.33571434020996,83.7385714285714
2019-02-24,2019,8,36.0,24.46571431841169,28.21285711015974,86.4714285714286
2019-03-03,2019,9,73.0,24.15714291163853,28.08857154846191,86.5757142857143
2019-03-10,2019,10,102.0,23.902856826782223,27.71285738263811,87.6242857142857
2019-03-17,2019,11,92.0,24.264285768781388,28.11142866952079,87.1542857142857
2019-03-24,2019,12,152.0,24.58142852783203,28.95142882210868,85.3114285714286
2019-03-31,2019,13,199.0,24.175713947841096,28.44285719735282,87.1114285714286
2019-04-07,2019,14,172.0,24.068571363176616,28.36000006539481,87.4971428571429
2019-04-14,2019,15,106.0,24.651428767613,29.04714284624372,84.8585714285714
2019-04-21,2019,16,164.0,24.292857306344168,28.2228570665632,86.7128571428571
2019-04-28,2019,17,141.0,24.772857121058877,28.00571441650391,87.8414285714286
2019-05-05,2019,18,121.0,24.670000076293945,28.65857124328613,85.18
2019-05-12,2019,19,166.0,25.192857197352815,29.29285676138742,81.5685714285714
2019-05-19,2019,20,134.0,24.881428582327707,29.26714243207659,83.7442857142857
2019-05-26,2019,21,102.0,24.705714089529852,28.64857128688267,85.5828571428571
2019-06-02,2019,22,115.0,24.945714133126398,28.82428577968053,83.2642857142857
2019-06-09,2019,23,106.0,25.08142852783203,29.96142877851214,75.9342857142857
2019-06-16,2019,24,122.0,24.772857121058877,28.74428585597447,79.4471428571429
2019-06-23,2019,25,101.0,24.03857149396624,28.82428577968053,77.24
2019-06-30,2019,26,117.0,24.23142841884068,29.38428579057966,74.3685714285714
2019-07-07,2019,27,129.0,24.317142759050643,28.74571418762207,77.9142857142857
2019-07-14,2019,28,99.0,24.25714302062988,28.88571412222726,76.6114285714286
2019-07-21,2019,29,100.0,24.32999992370605,29.6242858341762,73.64
2019-07-28,2019,30,113.0,24.06000001089913,29.62285695757185,71.1628571428571
2019-08-04,2019,31,90.0,24.544285910470144,30.42142868041992,69.8114285714286
2019-08-11,2019,32,68.0,24.008571624755856,29.9000004359654,67.2228571428571
2019-08-18,2019,33,67.0,24.417142868041992,30.80999973842076,67.2428571428571
2019-08-25,2019,34,74.0,24.22857121058873,30.97142846243722,66.8757142857143
2019-09-01,2019,35,73.0,24.5285712650844,31.25714274815151,64.1057142857143
2019-09-08,2019,36,61.0,24.53000014168876,30.25285693577358,70.5057142857143
2019-09-15,2019,37,65.0,24.63714272635324,31.15285764421736,67.1071428571429
2019-09-22,2019,38,63.0,24.568571635654997,30.49428558349609,69.1771428571429
2019-09-29,2019,39,57.0,24.78142874581473,30.59285736083984,69.6785714285714
2019-10-06,2019,40,29.0,24.7000002179827,30.63571412222726,68.0028571428571
2019-10-13,2019,41,34.0,24.955714362008234,31.03285707746233,67.1485714285714
2019-10-20,2019,42,36.0,24.975714002336776,30.78857122148786,70.1671428571429
2019-10-27,2019,43,37.0,24.84142848423549,30.81571442740304,71.6742857142857
2019-11-03,2019,44,52.0,25.032857077462328,31.09285736083984,67.8442857142857
2019-11-10,2019,45,41.0,25.33571434020996,31.22571400233678,70.7342857142857
2019-11-17,2019,46,46.0,25.412857055664062,31.4714287349156,69.0571428571428
2019-11-24,2019,47,44.0,25.524285725184846,30.60714285714286,72.6485714285714
2019-12-01,2019,48,53.0,25.648571286882675,31.12714276994978,72.8528571428571
2019-12-08,2019,49,36.0,25.744285583496094,31.4771431514195,70.1128571428571
2019-12-15,2019,50,36.0,25.80428613935198,30.62571471078055,71.3571428571429
2019-12-22,2019,51,20.0,25.858571461268838,31.44999994550432,69.7614285714286
2019-12-29,2019,52,43.0,26.141428538731162,31.470000403268,69.0842857142857
2020-01-05,2020,1,72.0,24.9375,29.15000009536743,81.8825
2020-01-12,2020,2,103.0,24.858571188790457,29.25000027247838,81.58
2020-01-19,2020,3,111.0,25.197142737252367,29.45285742623465,81.9128571428571
2020-01-26,2020,4,121.0,25.665714263916012,30.12857164655413,78.2285714285714
2020-02-02,2020,5,208.0,24.719999858311244,29.11285672869001,84.7985714285714
2020-02-09,2020,6,317.0,24.730000359671457,28.82428577968053,84.3885714285714
2020-02-16,2020,7,343.0,24.895714623587477,29.00714274815151,84.3871428571428
2020-02-23,2020,8,519.0,24.522856848580492,28.86142894199916,86.42
2020-03-01,2020,9,453.0,25.075714111328125,29.52428599766322,83.7
2020-03-08,2020,10,534.0,24.73285675048828,29.19857134137835,85.7814285714286
2020-03-15,2020,11,343.0,24.718571254185267,28.93428611755371,85.9228571428571
2020-03-22,2020,12,224.0,24.59999983651297,29.20999962942941,85.2171428571429
2020-03-29,2020,13,282.0,24.89142826625279,29.59857150486537,82.4528571428571
2020-04-05,2020,14,311.0,25.24571418762207,29.11857114519392,85.8385714285714
2020-04-12,2020,15,385.0,25.59142848423549,29.64285714285714,83.8057142857143
2020-04-19,2020,16,434.0,25.0285712650844,28.82428550720215,84.4928571428571
2020-04-26,2020,17,406.0,23.90857151576451,28.77000018528529,86.1614285714286
2020-05-03,2020,18,341.0,24.712857382638113,28.92571422031947,84.2642857142857
2020-05-10,2020,19,223.0,25.262857164655408,29.76285743713379,78.9642857142857
2020-05-17,2020,20,222.0,24.73428589957101,29.19999967302595,81.1428571428571
2020-05-24,2020,21,209.0,24.420000076293945,28.91857092721122,85.09
2020-05-31,2020,22,251.0,24.38999993460519,29.52285712105887,80.8185714285714
2020-06-07,2020,23,256.0,24.278571537562776,28.82285717555455,82.4657142857143
2020-06-14,2020,24,284.0,24.161428724016464,28.24428612845285,82.0
2020-06-21,2020,25,300.0,23.96714292253767,28.8271427154541,78.01
2020-06-28,2020,26,293.0,23.478571483067103,27.17000034877232,77.77
2020-07-05,2020,27,246.0,24.184285845075333,28.75714329310826,77.9857142857143
2020-07-12,2020,28,237.0,23.80714307512556,28.18857165745326,79.3942857142857
2020-07-19,2020,29,196.0,23.58714267185756,29.22714287894113,70.9757142857143
2020-07-26,2020,30,211.0,23.497143064226425,29.62999997820173,68.7414285714286
2020-08-02,2020,31,184.0,23.629999978201727,30.61714281354632,64.9271428571429
2020-08-09,2020,32,153.0,23.67999976021903,31.31142834254674,60.5557142857143
2020-08-16,2020,33,159.0,23.768571036202562,30.92857142857143,66.3057142857143
2020-08-23,2020,34,136.0,24.132857186453684,31.34428596496582,66.1971428571429
2020-08-30,2020,35,97.0,24.254285539899552,30.66571426391602,67.6557142857143
2020-09-06,2020,36,85.0,24.169999803815568,31.20857129778181,64.41
2020-09-13,2020,37,80.0,24.10571425301688,31.33714267185756,63.9214285714286
2020-09-20,2020,38,59.0,24.18857138497489,30.70857129778181,66.2
2020-09-27,2020,39,58.0,24.6257141658238,30.25571387154715,68.9814285714286
2020-10-04,2020,40,50.0,24.80000005449568,31.54000009809221,66.9814285714286
2020-10-11,2020,41,55.0,24.755714416503903,31.14714295523507,69.3571428571429
2020-10-18,2020,42,46.0,25.03571401323591,31.14000020708357,69.0957142857143
2020-10-25,2020,43,31.0,25.18857138497489,31.151428767613,70.8671428571429
2020-11-01,2020,44,50.0,25.372856957571848,30.93571417672294,70.7842857142857
2020-11-08,2020,45,54.0,25.612857001168383,30.92857142857143,73.2914285714286
2020-11-15,2020,46,65.0,25.57714298793248,31.08999988010951,71.76
2020-11-22,2020,47,41.0,25.707142693655832,31.04285703386579,72.6885714285714
2020-11-29,2020,48,32.0,25.507142748151505,31.09857150486537,69.2771428571429
2020-12-06,2020,49,47.0,25.497143064226425,31.34142902919224,70.1385714285714
2020-12-13,2020,50,41.0,25.67142868041992,31.09142848423549,69.81
2020-12-20,2020,51,39.0,25.71571377345494,31.12142862592425,71.2385714285714
2020-12-27,2020,52,14.0,25.427142824445447,30.17142840794154,72.2871428571429
2021-01-03,2020,53,45.0,25.709999847412114,31.45999946594238,68.888
2021-01-10,2021,1,43.0,25.657142366681775,30.76428522382464,73.13
2021-01-17,2021,2,47.0,25.737142562866207,30.72000013078962,69.3471428571429
2021-01-24,2021,3,55.0,25.24571418762207,30.16999980381557,73.9914285714286
2021-01-31,2021,4,94.0,25.327142442975724,30.24714279174805,75.9742857142857
2021-02-07,2021,5,69.0,25.685714176722932,31.03857094900949,70.6971428571429
2021-02-14,2021,6,90.0,25.502856935773572,30.30428586687361,76.8128571428571
2021-02-21,2021,7,101.0,25.01571410042899,29.08428600856236,81.1957142857143
2021-02-28,2021,8,120.0,24.944285801478795,29.25714274815151,80.9557142857143
2021-03-07,2021,9,150.0,24.44714300973075,28.7999997820173,82.93
2021-03-14,2021,10,116.0,24.64857155936105,29.16428593226842,82.5342857142857
2021-03-21,2021,11,152.0,24.39428574698312,29.54857117789132,80.47
2021-03-28,2021,12,150.0,24.0,28.42714282444545,82.84
2021-04-04,2021,13,275.0,24.63428579057966,28.89285741533552,82.02
2021-04-11,2021,14,306.0,25.47428594316755,30.28000014168876,75.9528571428571
2021-04-18,2021,15,333.0,24.465714045933314,28.96428571428572,83.2871428571429
2021-04-25,2021,16,458.0,24.189999716622488,28.24142864772252,84.7414285714286
2021-05-02,2021,17,648.0,24.662857055664062,29.61000033787318,79.8485714285714
2021-05-09,2021,18,817.0,23.788571221487864,28.07285717555455,84.7871428571429
2021-05-16,2021,19,798.0,24.339999880109513,28.91857147216797,80.3728571428571
2021-05-23,2021,20,799.0,24.765714372907365,29.49714306422642,77.5
2021-05-30,2021,21,921.0,24.587142944335938,30.43571444920131,72.61
2021-06-06,2021,22,1050.0,24.782857077462328,30.54428591047014,72.3171428571429
2021-06-13,2021,23,902.0,25.191428865705216,31.02142878941127,71.2785714285714
2021-06-20,2021,24,803.0,24.471428189958846,29.66285732814244,76.3942857142857
2021-06-27,2021,25,734.0,24.547142846243723,30.61285727364676,69.8985714285714
2021-07-04,2021,26,709.0,24.421428407941544,29.9057137625558,71.4157142857143
2021-07-11,2021,27,686.0,24.279999869210375,29.68999971662249,72.91
2021-07-18,2021,28,523.0,24.65999984741211,30.08999988010951,70.6728571428571
2021-07-25,2021,29,408.0,24.635714122227256,31.05285726274763,66.7342857142857
2021-08-01,2021,30,425.0,24.46000017438616,30.87142780848912,68.0985714285714
2021-08-08,2021,31,344.0,24.73571423121861,32.0471431187221,59.36
2021-08-15,2021,32,262.0,24.85714312962123,31.00428553989955,65.6557142857143
2021-08-22,2021,33,185.0,24.468571254185267,31.84428596496582,61.73
2021-08-29,2021,34,172.0,24.488571711948936,31.47428567068917,64.79
2021-09-05,2021,35,159.0,24.72857175554548,31.33999988010951,65.0985714285714
2021-09-12,2021,36,136.0,24.82428577968053,30.91714314052037,68.0757142857143
2021-09-19,2021,37,134.0,24.845714024135045,31.90428570338658,66.3742857142857
2021-09-26,2021,38,120.0,25.087142944335938,31.31714275905064,66.8485714285714
2021-10-03,2021,39,69.0,25.437143053327286,31.80428532191685,69.0485714285714
2021-10-10,2021,40,78.0,25.35714312962123,30.98714310782296,70.1042857142857
2021-10-17,2021,41,75.0,25.49428585597447,31.30999973842076,69.0285714285714
2021-10-24,2021,42,85.0,25.76857158115932,31.40999984741211,70.0514285714286
2021-10-31,2021,43,82.0,25.442857197352815,31.69999994550432,67.2442857142857
2021-11-07,2021,44,54.0,25.382857186453684,30.84000042506627,72.6128571428571
2021-11-14,2021,45,44.0,25.897142955235072,31.49714251926967,69.7071428571429
2021-11-21,2021,46,63.0,25.858571461268838,31.58142825535365,69.0242857142857
2021-11-28,2021,47,68.0,26.19714300973075,31.7228570665632,69.5985714285714
2021-12-05,2021,48,137.0,26.15571430751256,31.49285725184849,71.1371428571429
2021-12-12,2021,49,136.0,26.121428625924246,31.16857174464635,72.0942857142857
2021-12-19,2021,50,71.0,26.245714460100448,31.59285736083984,70.8014285714286
2021-12-26,2021,51,19.0,25.897142955235072,30.98285729544503,72.6371428571429
2022-01-02,2021,52,31.0,25.11666711171468,28.90333302815755,81.5416666666667
2022-01-09,2022,1,30.0,24.69714300973075,29.26999991280692,80.7571428571429
2022-01-16,2022,2,32.0,24.399999891008648,29.42714309692383,80.27
2022-01-23,2022,3,24.0,24.685714176722932,29.14142881120954,81.0814285714286
2022-01-30,2022,4,32.0,24.2514283316476,28.50428608485631,80.19
2022-02-06,2022,5,32.0,24.75571414402553,29.30571447099958,81.2528571428571
2022-02-13,2022,6,43.0,24.979999814714706,29.49000004359654,77.2842857142857
2022-02-20,2022,7,50.0,24.978571483067103,29.43142836434501,78.69
2022-02-27,2022,8,76.0,25.148571831839423,29.6485710144043,79.3771428571429
2022-03-06,2022,9,85.0,25.02571405683245,29.88428579057966,77.8857142857143
2022-03-13,2022,10,154.0,24.211428233555385,28.47714287894113,84.5257142857143
2022-03-20,2022,11,205.0,23.928571428571427,28.40571403503418,85.0842857142857
2022-03-27,2022,12,319.0,23.960000446864537,28.40571430751256,86.2828571428571
2022-04-03,2022,13,595.0,24.31142861502511,28.02285739353725,84.8814285714286
2022-04-10,2022,14,673.0,24.340000152587887,28.50000027247838,84.7642857142857
2022-04-17,2022,15,802.0,24.521428516932897,28.83142907278878,82.9428571428571
2022-04-24,2022,16,792.0,24.289999553135463,28.53142847333636,84.9757142857143
2022-05-01,2022,17,1013.0,24.089999880109513,28.78428568158831,82.9085714285714
2022-05-08,2022,18,1194.0,24.43428557259696,28.53571428571428,83.79
2022-05-15,2022,19,1324.0,23.957142966134207,28.08285685947963,84.3228571428571
2022-05-22,2022,20,996.0,24.441428865705216,29.07285690307617,83.4328571428571
2022-05-29,2022,21,1324.0,23.914285932268417,28.48142869131906,81.5542857142857
2022-06-05,2022,22,1254.0,23.670000076293945,27.93428557259696,85.1071428571429
2022-06-12,2022,23,1179.0,23.63857105800084,27.92142840794154,81.6857142857143
2022-06-19,2022,24,996.0,23.34285681588309,29.11000033787318,75.6914285714286
2022-06-26,2022,25,722.0,23.52571405683245,28.69857134137835,76.49
2022-07-03,2022,26,495.0,23.978571483067103,29.32857159205846,75.0971428571429
2022-07-10,2022,27,405.0,23.06571442740304,27.46857125418527,80.2571428571429
2022-07-17,2022,28,448.0,24.03714288984026,28.91571453639439,74.4271428571429
2022-07-24,2022,29,469.0,23.76142828805106,29.56142861502511,69.7742857142857
2022-07-31,2022,30,520.0,24.03285734994071,30.15714263916016,68.6314285714286
2022-08-07,2022,31,331.0,23.615714209420336,29.03000041416713,76.24
2022-08-14,2022,32,336.0,23.744285583496094,30.11714281354632,71.1842857142857
2022-08-21,2022,33,300.0,23.615714209420336,31.38285718645368,60.2257142857143
2022-08-28,2022,34,229.0,24.089999880109513,31.04428591047014,62.8271428571429
2022-09-04,2022,35,189.0,24.26999991280692,31.81142861502511,62.01
2022-09-11,2022,36,164.0,24.392857142857142,31.45285715375628,62.99
2022-09-18,2022,37,157.0,24.46142850603376,30.4242856161935,69.8157142857143
2022-09-25,2022,38,139.0,24.5271429334368,30.73571423121861,69.7942857142857
2022-10-02,2022,39,111.0,24.708571570260183,31.15285737173898,66.8928571428571
2022-10-09,2022,40,74.0,24.894285474504745,31.11857141767229,68.3957142857143
2022-10-16,2022,41,89.0,25.00857135227748,31.7014285496303,67.9985714285714
2022-10-23,2022,42,68.0,25.15714263916016,31.34999983651297,67.6314285714286
2022-10-30,2022,43,71.0,25.267142704554967,30.34285681588309,71.0857142857143
2022-11-06,2022,44,117.0,25.268571308680944,30.76428576878139,70.6514285714286
2022-11-13,2022,45,137.0,24.98571423121861,30.51714270455497,72.11
2022-11-20,2022,46,118.0,25.001428604125977,30.26428576878139,72.1842857142857
2022-11-27,2022,47,86.0,25.23428589957101,30.91714286804199,69.4785714285714
2022-12-04,2022,48,76.0,25.08571434020996,29.79000009809221,73.59
2022-12-11,2022,49,79.0,24.997143064226425,30.73857143947057,72.3442857142857
2022-12-18,2022,50,56.0,25.290000370570592,30.91428593226842,70.9242857142857
2022-12-25,2022,51,36.0,25.341428211757115,30.24000004359654,71.8742857142857
2023-01-01,2022,52,85.0,25.080000162124637,30.44875001907349,73.53
2023-01-08,2023,1,56.0,25.077499628067017,30.32249975204468,75.15625
2023-01-15,2023,2,85.0,25.037142617361887,30.2985714503697,74.51
2023-01-22,2023,3,91.0,24.47142846243722,28.8457145690918,79.2085714285714
2023-01-29,2023,4,114.0,24.338571275983536,28.81571442740304,79.4714285714286
2023-02-05,2023,5,120.0,24.801428931100023,29.41428593226842,79.1114285714286
2023-02-12,2023,6,139.0,24.61142839704241,29.51428549630301,80.0471428571429
2023-02-19,2023,7,202.0,24.82999992370605,28.47142846243722,82.5728571428571
2023-02-26,2023,8,242.0,24.3271427154541,28.697142464774,82.5157142857143
2023-03-05,2023,9,257.0,24.678571428571427,28.40428597586495,83.7957142857143
2023-03-12,2023,10,254.0,25.115714209420336,29.26428549630301,80.7485714285714
2023-03-19,2023,11,213.0,23.969999858311244,27.73999977111816,86.9085714285714
2023-03-26,2023,12,187.0,23.542857033865797,28.63142830984933,82.1128571428571
2023-04-02,2023,13,115.0,23.74428585597447,27.84428569248744,86.3785714285714
2023-04-09,2023,14,165.0,23.494285583496094,27.88714272635324,86.6428571428571
2023-04-16,2023,15,149.0,24.321428843906947,28.63142858232771,84.4428571428572
2023-04-23,2023,16,120.0,24.304285866873602,28.93714305332729,83.7271428571429
2023-04-30,2023,17,173.0,24.251428604125977,28.89000020708357,81.3885714285714
2023-05-07,2023,18,196.0,24.394286019461497,29.04142815726144,83.04
2023-05-14,2023,19,134.0,25.092857088361463,29.88428606305803,79.2214285714286
2023-05-21,2023,20,198.0,25.162857055664062,29.19142859322684,82.8442857142857
2023-05-28,2023,21,170.0,25.02142878941127,29.79571451459612,79.0428571428571
2023-06-04,2023,22,143.0,25.03428540910993,29.81000001089913,79.1114285714286
2023-06-11,2023,23,142.0,24.98428589957101,29.68571390424456,77.6085714285714
2023-06-18,2023,24,134.0,24.57857131958008,29.55714307512556,76.9728571428571
2023-06-25,2023,25,96.0,24.704285757882253,30.0557141985212,72.0642857142857
2023-07-02,2023,26,115.0,24.171428407941544,29.72142818995885,72.7814285714286
2023-07-09,2023,27,130.0,24.254286084856307,30.02857153756278,72.9957142857143
2023-07-16,2023,28,100.0,24.468571254185267,30.19285665239607,72.9742857142857
2023-07-23,2023,29,103.0,24.391428538731162,31.00571414402553,64.5385714285714
2023-07-30,2023,30,82.0,24.651428495134628,31.49285697937012,64.7585714285714
2023-08-06,2023,31,73.0,24.784285954066686,31.74428531101772,66.5514285714286
2023-08-13,2023,32,78.0,24.547143118722097,31.09428542000907,67.29
2023-08-20,2023,33,103.0,24.332857131958008,31.302857535226,64.2285714285714
2023-08-27,2023,34,68.0,24.63999993460519,30.4500002179827,71.49
2023-09-03,2023,35,69.0,24.79000009809221,30.83999960763114,71.1614285714286
2023-09-10,2023,36,62.0,24.685714449201306,31.86571448189872,64.79
2023-09-17,2023,37,34.0,24.732857022966655,31.49857139587402,67.0028571428571
2023-09-24,2023,38,44.0,25.009999956403455,31.8299993787493,67.3385714285714
2023-10-01,2023,39,41.0,25.01142883300781,31.15428570338658,69.1685714285714
2023-10-08,2023,40,28.0,25.382857186453684,31.48285702296666,67.46
2023-10-15,2023,41,26.0,25.425714220319477,31.25857162475586,69.7585714285714
2023-10-22,2023,42,31.0,25.382857186453684,31.20285742623465,67.66
2023-10-29,2023,43,24.0,25.141428811209543,30.61428560529436,70.4557142857143
2023-11-05,2023,44,21.0,25.598571232387,31.49142864772252,69.8128571428571
2023-11-12,2023,45,23.0,25.591428756713867,31.35285704476493,67.7
2023-11-19,2023,46,28.0,25.795714242117743,31.53714261736189,68.3942857142857
2023-11-26,2023,47,22.0,26.014285768781388,31.21714292253767,69.53
2023-12-03,2023,48,15.0,25.425714492797848,30.23714310782296,73.2314285714286
2023-12-10,2023,49,10.0,25.88999993460519,31.25428553989955,71.3842857142857
2023-12-17,2023,50,9.0,26.129999978201727,31.56857190813337,68.12
2023-12-24,2023,51,11.0,25.24000004359654,29.91857147216797,79.13
2023-12-31,2023,52,14.0,25.76142828805106,30.26285716465541,78.88
2024-01-07,2024,1,17.0,25.798888948228623,30.16555553012424,77.2155555555556
2024-01-14,2024,2,19.0,26.001428604125977,30.88428606305803,73.5471428571429
2024-01-21,2024,3,43.0,25.97285733904157,31.30285726274763,72.0514285714286
2024-01-28,2024,4,52.0,26.670000076293945,30.8471429007394,74.5414285714286
2024-02-04,2024,5,43.0,26.638571875435964,30.60000038146973,76.0542857142857
2024-02-11,2024,6,32.0,25.88714272635324,30.46857125418527,77.5485714285714
2024-02-18,2024,7,64.0,25.042857306344168,29.62999997820173,82.6642857142857
2024-02-25,2024,8,109.0,24.69714300973075,28.3057141985212,87.4957142857143
2024-03-03,2024,9,115.0,25.132857458932055,28.68571417672294,84.4642857142857
2024-03-10,2024,10,122.0,25.05571392604283,29.01571410042899,85.1128571428571
2024-03-17,2024,11,152.0,25.587142399379186,29.76714270455497,84.8042857142857
2024-03-24,2024,12,150.0,25.18857111249651,29.65857124328613,85.1942857142857
2024-03-31,2024,13,251.0,25.005714416503903,28.86428560529436,85.8785714285714
2024-04-07,2024,14,227.0,24.84999983651297,29.04857117789132,84.9142857142857
2024-04-14,2024,15,192.0,24.878571374075754,29.37571443830218,86.4314285714286
2024-04-21,2024,16,165.0,25.06571442740304,29.52571432931083,85.6528571428571
2024-04-28,2024,17,141.0,25.109999792916437,29.38571439470564,83.8685714285714
2024-05-05,2024,18,111.0,25.411428724016464,29.2514283316476,82.6428571428571
2024-05-12,2024,19,109.0,25.981428691319056,30.62285695757185,77.3142857142857
2024-05-19,2024,20,116.0,25.261428560529435,29.26857130868094,83.9228571428571
2024-05-26,2024,21,76.0,25.318571363176616,29.77857099260603,78.7642857142857
2024-06-02,2024,22,115.0,24.797143118722097,28.04714284624372,84.1171428571429
2024-06-09,2024,23,102.0,24.962857382638113,28.88571439470564,80.5042857142857
2024-06-16,2024,24,77.0,24.5942862374442,29.36428587777274,77.4614285714286
2024-06-23,2024,25,69.0,24.15428570338658,28.8471429007394,77.1285714285714
2024-06-30,2024,26,89.0,24.21714292253767,29.55285699026925,77.7185714285714
2024-07-07,2024,27,63.0,24.479999814714706,29.05428586687361,75.2971428571429
2024-07-14,2024,28,29.0,23.967142650059287,29.43999971662249,74.0071428571429
2024-07-21,2024,29,23.0,23.547142846243723,30.88714272635324,63.31
2024-07-28,2024,30,46.0,23.381428582327707,30.78714316231864,62.0885714285714
2024-08-04,2024,31,54.0,24.490000316074916,30.0557141985212,67.5428571428571
2024-08-11,2024,32,48.0,23.612857001168383,30.74285697937012,64.8742857142857
2024-08-18,2024,33,40.0,24.16857119968959,30.80000032697405,65.77
2024-08-25,2024,34,53.0,24.084285463605607,30.76571410042899,66.6285714285714
2024-09-01,2024,35,38.0,24.1257141658238,30.63571412222726,65.3942857142857
2024-09-08,2024,36,34.0,23.95142909458705,30.99142864772252,64.0085714285714
2024-09-15,2024,37,35.0,24.21714292253767,31.18428530011858,64.4671428571429
2024-09-22,2024,38,39.0,24.28714316231864,31.2214287349156,65.6114285714286
2024-09-29,2024,39,28.0,24.68428557259696,30.72142846243722,68.5457142857143
2024-10-06,2024,40,38.0,24.927142824445447,29.98714256286621,70.7542857142857
2024-10-13,2024,41,32.0,24.7514283316476,30.47857121058873,70.0357142857143
2024-10-20,2024,42,32.0,25.165714263916012,30.67714255196708,69.3442857142857
2024-10-27,2024,43,20.0,25.115714209420336,30.15428570338658,68.2557142857143
2024-11-03,2024,44,31.0,25.131428582327707,29.76571437290736,71.8457142857143
2024-11-10,2024,45,29.0,25.167143140520366,30.64714295523507,69.6642857142857
2024-11-17,2024,46,60.0,25.067143031529017,30.95999962942941,69.0014285714286
2024-11-24,2024,47,36.0,25.490000316074916,31.24714279174805,70.5628571428571
2024-12-01,2024,48,22.0,25.69428607395717,30.71142877851214,70.9728571428571
2024-12-08,2024,49,15.0,25.209999901907786,30.14142853873117,74.9928571428571
2024-12-15,2024,50,23.0,25.38857160295759,30.24428585597447,74.8157142857143
2024-12-22,2024,51,3.0,25.244285583496094,30.63714272635324,77.3071428571429
